{
  "correct_cases": {
    "count": 10,
    "average_score": 39.59,
    "min_score": 15.0,
    "max_score": 58.9,
    "average_execution_time": 0.45400052070617675
  },
  "wrong_cases": {
    "count": 10,
    "average_score": 23.72,
    "min_score": 12.3,
    "max_score": 46.1,
    "average_execution_time": 0.2946100473403931
  },
  "score_difference": 15.870000000000005,
  "overall_average_execution_time": 0.3743052840232849
}