{
  "overall_average_time": 0.3743052840232849,
  "correct_cases_average_time": 0.45400052070617675,
  "wrong_cases_average_time": 0.2946100473403931,
  "total_files_processed": 20,
  "min_time": 0.0997459888458252,
  "max_time": 1.054198980331421
}